id,winner_model_a,winner_model_b,winner_tie
136060,0.16459842026233673,0.15617580711841583,0.1775609403848648
211333,0.1656237244606018,0.15377868711948395,0.17978838086128235
1233961,0.16669407486915588,0.15566903352737427,0.1790539026260376
